{"widget_listeo_header_widget":"a:1:{s:12:\"_multiwidget\";i:1;}","listeo_core_version":"1.0.0","listeo_popup_login":"ajax","listeo_registration_hide_username":"","listeo_display_first_last_name":"on","listeo_display_password_field":"on","listeo_dashboard_page":"38","listeo_messages_page":"39","listeo_bookings_page":"40","listeo_listings_page":"41","listeo_reviews_page":"42","listeo_bookmarks_page":"43","listeo_submit_page":"44","listeo_profile_page":"45","listeo_search_bg":"http:\/\/listeo.staging.wpengine.com\/wp-content\/uploads\/2018\/11\/main-search-background-01.jpg","listeo_search_video_poster":"","listeo_search_video_mp4":"","listeo_sticky_header":"1","listeo_my_account_display":"1","listeo_submit_display":"1","listeo_ajax_browsing":"on","listeo_dynamic_features":"on","listeo_booking_confirmation_page":"634","listeo_listings_top_buttons":"enable","listeo_listings_top_buttons_conf":"a:2:{i:0;s:6:\"layout\";i:1;s:5:\"order\";}","listeo_clock_format":"12","listeo_currency":"USD","listeo_currency_postion":"before","listeo_radius_unit":"km","listeo_maps_default_radius":"","listeo_maps_limit_country":"","listeo_map_center_point":"52.2296756,21.012228700000037","listeo_sort_by":"date-desc","listeo_region_in_links":"","listeo_user_contact_details_visibility":"on","listeo_rating_type":"stars","listeo_user_bookings_page":"841","listeo_privacy_policy":"","listeo_recaptcha":"","listeo_recaptcha_secretkey":"6LdQ44oUAAAAAHeTFiWmFRbWpWla3zQIfmQCvf1S","listeo_emails_name":"Listeo","listeo_emails_from_email":"contact@purethemes.net","listeo_header_published":"","listeo_listing_published_email":"on","listeo_listing_published_email_subject":"Your listing has been published - {listing_name}","listeo_listing_published_email_content":"Hi {user_name},\r\n\r\nWe are pleased to inform you that your submission '{listing_name}' was just published on our website.\r\n\r\nThank you.","listeo_header_new":"","listeo_listing_new_email":"on","listeo_listing_new_email_subject":"Thank you for adding a listing","listeo_listing_new_email_content":"Hi {user_name},\r\n\r\nThank you for submitting your listing '{listing_name}'.","listeo_header_expired":"","listeo_listing_expired_email":"on","listeo_listing_expired_email_subject":"Your listing has expired - {listing_name}","listeo_listing_expired_email_content":"Hi {user_name},\r\n\r\nWe'd like you to inform you that your listing '{listing_name}' has expired and is no longer visible on our website. You can renew it in your account.\r\n\r\nThank you","listeo_header_expiring_soon":"","listeo_listing_expiring_soon_email":"on","listeo_listing_expiring_soon_email_subject":"Your listing is expiring in 5 days - {listing_name}","listeo_listing_expiring_soon_email_content":"Hi {user_name},\r\n\r\nWe'd like you to <em>inform<\/em> you that your listing '{listing_name}' is expiring in 5 days.\r\n\r\nThank you","listeo_header_booking_confirmation":"","listeo_booking_user_waiting_approval_email":"on","listeo_booking_user_waiting_approval_email_subject":"Thank you for your booking - {listing_name}","listeo_booking_user_waiting_approval_email_content":"Hi {user_name},\r\n\r\nThank you for <strong>your booking request on<\/strong> '{listing_name}' for {dates}. Please wait for confirmation and further instructions.\r\n\r\nThank you","listeo_header_booking_notification_owner":"","listeo_booking_owner_new_booking_email":"on","listeo_booking_owner_new_booking_email_subject":"There is a new booking request for {listing_name}","listeo_booking_owner_new_booking_email_content":"Hi {user_name},\r\n\r\nThere's a new <strong>booking request<\/strong> on '{listing_name}' for {dates}. Go to your Bookings Dashboard to accept or reject it.\r\n\r\nThank you","listeo_header_free_booking_notification_owner":"","listeo_free_booking_confirmation":"on","listeo_free_booking_confirmation_email_subject":"Your booking request was approved {listing_name}","listeo_free_booking_confirmation_email_content":"Hi {user_name},\r\n\r\nYour booking request on '{listing_name}' for {dates} was approved. See you soon!.\r\n\r\nThank you","listeo_header_pay_booking_notification_owner":"","listeo_pay_booking_confirmation":"on","listeo_pay_booking_confirmation_email_subject":"Your booking request was approved {listing_name}","listeo_pay_booking_confirmation_email_content":"Hi {user_name},\r\n\r\nYour booking request on '{listing_name}' for {dates} was approved. Here's the payment link <a href=\"{payment_url}\">{payment_url}<\/a>, the booking will expire after {expiration} if not paid!.\r\n\r\nThank you","listeo_header_pay_booking_confirmation_owner":"","listeo_paid_booking_confirmation":"on","listeo_paid_booking_confirmation_email_subject":"Guest paid for reservation in {listing_name}","listeo_paid_booking_confirmation_email_content":"Hi {user_name},\r\n\r\nThe booking for '{listing_name}' on {dates} has been paid by user.\r\n\r\nThank you","listeo_new_listing_requires_approval":"on","listeo_new_listing_requires_purchase":"on","listeo_new_listing_preview":"","listeo_default_duration":"30","listeo_max_files":"10","listeo_max_filesize":"2","listeo_submit_center_point":"52.2296756,21.012228700000037","listeo_wallet_page":"928","listeo_commission_rate":"10","listeo_home_transparent_header":"enable","listeo_home_banner_text_align":"center","listeo_home_featured_categories_status":"enable","listeo_home_subtitle":"You can configure homepage search form style in Customize  \u2192  Home Search Options","listeo_home_typed_status":"disable","listeo_home_title":"Home Search Form","listeo_home_typed_text":"Attractions, Restaurants, Hotels","listeo_search_bg_opacity":"0.77","listeo_fw_header":"0","listeo_listing_types":"a:3:{i:0;s:7:\"service\";i:1;s:6:\"rental\";i:2;s:5:\"event\";}","listeo_bookings_disabled":"","listeo_header_welcome":"","listeo_listing_welcome_email_subject":"Welcome to {site_name}","listeo_listing_welcome_email_content":"Hi {user_name},\r\nWelcome to our website.\r\n<ul><li>Username: {login}<\/li><li>Password: {password}<\/li><\/ul>\r\nThank you.","listeo_listings_per_page":"5","listeo_gallery_type":"top","listeo_owners_can_review":"","listeo_claim_page_button":"on","listeo_claim_page":"861","listeo_home_form_type":"boxed","listeo_home_background_type":"image","listeo_map_provider":"osm","listeo_bing_maps_key":"","listeo_thunderforest_api_key":"","listeo_here_app_id":"","listeo_here_app_code":"","listeo_header_radius":"","listeo_mapbox_retina":"on","listeo_lost_password_page":"1131","listeo_reset_password_page":"1130","listeo_registration_hide_role":"","woocommerce_cart_redirect_after_add":"yes","woocommerce_enable_ajax_add_to_cart":"no"}